Workbook

Sheet Règles & Poids
A1: K E B R A N E — Grille de décision · Logo
A2: Instrument verrouillé avant notation. On fixe les poids d'abord ; on score à froid ensuite.
A4: Date de verrouillage des poids : | B4: 2026-07-29
A5: Responsable de la décision : | B5: Profi
A6: Principe directeur : | B6: Le sens naît du retrait. La barrière retirée est le dessin.
A8: POIDS DES CRITÈRES — verrouillés AVANT toute notation
A9: Critère | B9: Poids (%) | C9: Ce que ça mesure
A10: Intégrité soustractive | B10: 25 | C10: Le sens naît-il vraiment d'un retrait, pas d'un ajout ?
A11: Distinction | B11: 20 | C11: Ne ressemble à rien de connu ; pas de confusion avec une icône générique.
A12: Mémorabilité | B12: 20 | C12: Reconstructible de mémoire par un inconnu.
A13: Extensibilité | B13: 20 | C13: Tient en verrou de sous-marque et en icône d'app carrée.
A14: Intemporalité | B14: 15 | C14: Ne sera pas daté dans cinq ans.
A15: TOTAL | B15: =SUM(B10:B14) | C15: Doit être égal à 100.
A17: SEUILS DE VALIDATION (absolus, non relatifs)
A18: Score pondéré minimum (/100) | B18: 70
A19: Plancher par critère (/5) | B19: 3
A20: Filtres éliminatoires | B20: Tous = Oui
A22: ÉCHELLE DE NOTATION (0–5, à appliquer à froid)
A23: 0 | B23: Absent / le critère n'est pas rempli.
A24: 1–2 | B24: Faible : présent mais fragile.
A25: 3 | B25: Seuil acceptable (plancher).
A26: 4 | B26: Solide.
A27: 5 | B27: Exemplaire.
A29: RÈGLE D'ARRÊT
A30: Aucune direction n'est déclarée gagnante avant que toutes aient passé les filtres éliminatoires. Une direction est VALIDÉE seulement si : elle passe tous les filtres, atteint le score minimum, et n'a aucun critère sous le plancher. À égalité de score entre directions validées, la plus simple l'emporte (arbitrage manuel, assumé par écrit). L'attachement se note, mais ne vote pas.

Sheet Filtres éliminatoires
A1: FILTRES ÉLIMINATOIRES — tout ou rien
A2: Réponds Oui / Non. Une seule case « Non » écarte la direction, quel que soit son charme.
A4: Direction | B4: Lisible à 16 px en 1 couleur | C4: Reproductible navy + réservé | D4: Indépendant du O | E4: Neutralité culturelle | F4: VERDICT
A5: A — Le A ouvert | B5: Oui | C5: Oui | D5: Oui | E5: Oui | F5: =IF(COUNTA(B5:E5)<4,"À compléter",IF(COUNTIF(B5:E5,"Oui")=4,"ADMISE","ÉCARTÉE"))
A6: B — La brèche | B6: Oui | C6: Oui | D6: Oui | E6: Oui | F6: =IF(COUNTA(B6:E6)<4,"À compléter",IF(COUNTIF(B6:E6,"Oui")=4,"ADMISE","ÉCARTÉE"))
A7: C — Le seuil | B7: Oui | C7: Oui | D7: Oui | E7: Oui | F7: =IF(COUNTA(B7:E7)<4,"À compléter",IF(COUNTIF(B7:E7,"Oui")=4,"ADMISE","ÉCARTÉE"))
A8: D — Les deux E | B8: Oui | C8: Oui | D8: Oui | E8: Oui | F8: =IF(COUNTA(B8:E8)<4,"À compléter",IF(COUNTIF(B8:E8,"Oui")=4,"ADMISE","ÉCARTÉE"))
A9: Exemple (à effacer) | B9: Oui | C9: Oui | D9: Oui | E9: Oui | F9: =IF(COUNTA(B9:E9)<4,"À compléter",IF(COUNTIF(B9:E9,"Oui")=4,"ADMISE","ÉCARTÉE"))
A11: Légende : cases jaunes = à remplir (Oui/Non). Le verdict se calcule tout seul.

Sheet Notation pondérée
A1: NOTATION PONDÉRÉE — à froid, après les filtres
A2: Note chaque critère de 0 à 5 (cases jaunes). Le score, les contrôles et le verdict sont automatiques.
A4: Direction | B4: Intégrité soustractive | C4: Distinction | D4: Mémorabilité | E4: Extensibilité | F4: Intemporalité | G4: Score pondéré /100 | H4: Plancher (aucun < 3) | I4: Éliminatoires OK ? | J4: VALIDÉE ? | K4: Attachement (non décisionnel)
A5: Poids (%) → | B5: ='Règles & Poids'!B10 | C5: ='Règles & Poids'!B11 | D5: ='Règles & Poids'!B12 | E5: ='Règles & Poids'!B13 | F5: ='Règles & Poids'!B14
A6: A — Le A ouvert | B6: 5 | C6: 3 | D6: 5 | E6: 5 | F6: 4 | G6: =SUMPRODUCT(B6:F6,$B$5:$F$5)/5 | H6: =IF(COUNTA(B6:F6)<5,"—",IF(MIN(B6:F6)>='Règles & Poids'!$B$19,"Oui","Non")) | I6: =IF('Filtres éliminatoires'!F5="ADMISE","Oui","Non") | J6: =IF(AND(G6>='Règles & Poids'!$B$18,H6="Oui",I6="Oui"),"VALIDÉE","non")
A7: B — La brèche | B7: 4 | C7: 2 | D7: 3 | E7: 4 | F7: 4 | G7: =SUMPRODUCT(B7:F7,$B$5:$F$5)/5 | H7: =IF(COUNTA(B7:F7)<5,"—",IF(MIN(B7:F7)>='Règles & Poids'!$B$19,"Oui","Non")) | I7: =IF('Filtres éliminatoires'!F6="ADMISE","Oui","Non") | J7: =IF(AND(G7>='Règles & Poids'!$B$18,H7="Oui",I7="Oui"),"VALIDÉE","non")
A8: C — Le seuil | B8: 3 | C8: 3 | D8: 4 | E8: 4 | F8: 4 | G8: =SUMPRODUCT(B8:F8,$B$5:$F$5)/5 | H8: =IF(COUNTA(B8:F8)<5,"—",IF(MIN(B8:F8)>='Règles & Poids'!$B$19,"Oui","Non")) | I8: =IF('Filtres éliminatoires'!F7="ADMISE","Oui","Non") | J8: =IF(AND(G8>='Règles & Poids'!$B$18,H8="Oui",I8="Oui"),"VALIDÉE","non")
A9: D — Les deux E | B9: 3 | C9: 3 | D9: 2 | E9: 2 | F9: 3 | G9: =SUMPRODUCT(B9:F9,$B$5:$F$5)/5 | H9: =IF(COUNTA(B9:F9)<5,"—",IF(MIN(B9:F9)>='Règles & Poids'!$B$19,"Oui","Non")) | I9: =IF('Filtres éliminatoires'!F8="ADMISE","Oui","Non") | J9: =IF(AND(G9>='Règles & Poids'!$B$18,H9="Oui",I9="Oui"),"VALIDÉE","non")
A11: Rappel : la colonne « Attachement » rend visible ce qu'on aime — elle n'entre dans aucun calcul.
A12: Scores : proposition motivée de Claude (voir commentaires), à contester. Décision finale = Profi.

Sheet Verdict & Registre
A1: VERDICT & REGISTRE
A2: Synthèse automatique. À égalité entre directions validées : la plus simple l'emporte (à trancher et à écrire ici).
A4: Direction | B4: Score pondéré /100 | C4: VALIDÉE ?
A5: A — Le A ouvert | B5: ='Notation pondérée'!G6 | C5: ='Notation pondérée'!J6
A6: B — La brèche | B6: ='Notation pondérée'!G7 | C6: ='Notation pondérée'!J7
A7: C — Le seuil | B7: ='Notation pondérée'!G8 | C7: ='Notation pondérée'!J8
A8: D — Les deux E | B8: ='Notation pondérée'!G9 | C8: ='Notation pondérée'!J9
A10: Décision finale :
A11: Justification (par écrit) :
